{"cameraMode":{"drawMode":0,"name":"Shaded","section":"Shading Mode"},"sceneLighting":false,"audioPlay":false,"sceneViewState":{"m_AlwaysRefresh":false,"showFog":true,"showSkybox":false,"showFlares":true,"showImageEffects":true,"showParticleSystems":true,"showVisualEffectGraphs":true,"m_FxEnabled":false},"in2DMode":false,"pivot":{"x":-4.172325134277344e-7,"y":0.6721006631851196,"z":-0.01427990198135376},"rotation":{"x":0.13489337265491486,"y":0.13039371371269227,"z":-0.017910951748490335,"w":0.9820840954780579},"size":0.9725325107574463,"orthographic":true}